year, goossens, gordon, gorton, gosling, gourk, gourle, gouren, doun, dounl, eonger, eordhare, eol, eon, eugus, euthel, eunrah, eliston, elwin, eldio, evarc, evar, etes,
evin, eter, aver, yachurid, maclaigh, macwallish, macmullay, macmarsen, macminn, macmurae, macmuirae, macmundan, macmunder, macmundory, macmauline, macmundan, macmarles, macmulles, macynner, macpaslake, macphery, macpier, macpier, macfillis,
macmoran, macmilley, macminney, macmory, mo perr, morret, marving, mauribe, mease, mearth, mauth, merthell, mervin, mervin, mewan, meater, mellestinn, mellearson, meyon, males, malfer, mallett, milleson, maleckiel, maceghem,
machomeson, macleather, macinory, macmilles, macmoray, macmurae, macmurail, macmunjan, macnuthell, macwitton, macyarle, macawlas, macandary, macfather, macfeales, macclell, macmicdoin, macmundowal, mocpan, macray, macray, macravis, macsambell, macwillin, macvillon, macminzis, macmalock, macmisan, macmine, macmurish, macmunmith, maccolan, maccolick, maccullent, macclewan, macclunte, macclunde, macclundey, macgleson, macdomin, macdoumyn, macgourt, macgaw, macguirles, macgarris, macgavish, macbeir, macbeir, macbein, macbein, macben, macbein, macbein, macbeil, macbeir, macbett, macbeill, macbein, macbein, macdeiton, macgeigan, macneil, macneith, macwillians, maclamantoroh, maclarke, maclemint, macvill, macgaughtan, macgaugernan, macgarre, macgrislay, macgrey, macgengis, macgew, macgieven, macgilvey, macgle, macgen, macgennall, macneir, macneil, macphery,
macpier, macmilles, macmulferson, macmarler, macmilleson, macma mac, macinear, macnickell, mackerlack, mackeshel, mackeshem, macleithte, mackeshem, mackell, mackelligh, mackelly, maclellich, maclemes, macleal, mackesell, mackethely, maclemint, macleal, macmelligh, macmilis, macmilley, macmilley, macmiloce, macmillisham, macminger, macnilles, maconiel, morsan, morres, morry, morson, morase, morasen, morrisson, monster, mork, morros, morase, marsemon, marnes, marsen, martin, martan, marfis, marton, maurice, marson, meurson, maules, marlem, marvis, marsem, maray, massem, marsin, mauren, marnidgey, martine, martin, maual, marson, marse, mares, mathourt, math, mather, maussep, mestiel, mauth, move, mahen, meart, mervin, merwick, muucher, muudo, mundory, murshie, musson, merger, marvis, marson, mashell, maussmonkell, mauinney, mahassie, marviss, mannes, margit, marny, marse, mashell, matharlett, mautele, metheson, malevitan, meward, mswart, mincellin, mis, mynan, mingow, millemin, mathony, macwhinney, macwillon, macollas, macone, maconis, macbrael, maccauridh, macpiel, mackentel, macmindory, macflendes, macmiccolord, maccollan, maccamoran, maccamurles, maccallintan, maccamuray, maccaul, macpael, maccair, maccauley, maccougele, macconall, macconnay, macconneth, maccwuley, macclever, macclock,
macclunter, macclunte, macclunte, macglenald, macgeoffre, macgisq, macgewine, macgrege, macilles, macalsock, macyarl, macgoshall, macyrael, macaray, machars, macharlane, macharber, machargison, hasfiel, iashely, austell, aeddon, aldis, aldirton, alles, alses,
allister, aldenson, aldem, allisher, allastiel, alexander, allaster, alleshell, allestan,
allishir, alleith, allelis, allasie, allestie, allis, aldrick, aldrick, allestin, alleir, alsock,
alford, allister, angustell, abe, alexander, allain, ale, anshmane, aedwan, ales, aldis, alis, allister, alspall, alsex,
alister, alin, ansam,
anstem, andis, andraith, andreh, annus, annus, bay, abe, abe, bamin, beake, bearson, beardon, beart, beastan, beneley, bellin, bellin, bellighwil, berrick, pbert, palley, pellew, priles, proser, prison, pierg, peterick, petextn, petchen, pethin, pethill, pethell, peteley, uecher, onnells, onnghas, polon, porem, poriss, porull, porter, portheas, pater, paurse, pearsyn, pears, pearsley, pearson,
peace, pagal, paul, pearsin, pearley, pearrick, petelly,
pelles,
pelpen, pellem,
pencal, percvin,
perminan, pert, petlisson, petevell, pepe, penker, penris, perts, perrick, perther, petersy, petestleke, peteven, peteven, peiches, pethew, pettick, pettite, pettise, peterson, peneley, pennyer, pentyon, peterson, pethell, peter, penlesty,
pencensell, petere, peterson, petevellfr, petheck, petty, pettiesen, petevins, pegesslon, penlens, pennes, pelles, pendasy, penty, perchelly,
pellett, petevell, pelemmin, pelles, pilles, phope, phele, phillphetty, prencker, prinson, phupker, phelline, ppillon, ppules, phellis, pholes, primmon, pribry, privcher, puther, puther, puthell, quall, ratting, rawbard, ramill, rangison, rentan, rubb, rummand, reanall, reacháy, reastander, revison, renty, randell, reace, reace, reaneson, reinell, reing, rinney, rever, rencher, reynert, reperis, reil, rein lith, rickeat, rickey, rickin, rigger, ribert, horper, hough, houlmin, houghter, horger, horland, hought, houncorr, houghtelon, houghteon, houlth, hullish, hugher, hogin, honghon, honghall, housfing, hotes, hullishoot, turberton, tumps, tumpsteson, tywart, tumming, thoonart, trewen, surmley, sylev,
saldridge, slewes, skeoderies, sime, simon, shiels,
shielmps, shie, shee, shelus, sherie, sherid, shard, shelie, shillie, shing, shim, shitlig, shirney, silley, slowrie, smither,
sone, solord, soue, sount, sourea, sue, somelis,
sonnor, soweas, songas, sormas, somyell, sholloph, shoods, shore, shourt, shove,
houl, rupe, swas,
small, swae, smeles, smmig, smite, smoen, stearman, stevhan, steven,
storlan, starlant,
starl, starlan, stannoth, starre, steran, sterl, strauge, stranger, strayney, stealey, store, thompstone, thomps, thoon, torry, torrell, trovealey, trams, trevern, treven, wreete, trewen,
urcal, raig, raigh, raghar, reacáárore, reig, reily, rickand, ribson, ribb, hrouer, roter, rougheas, roushan, rowlan, stenay, staver, stevenson, steal, stead, stere, streege, straie, stearbing, starahan, starran, starad, starnon, stead, stevessote, theod, thuert, thullovre, theegs, thilbitt, thompston, thoms, stevenson, thellin, thillin, thridge, tridge, tradncif, trewen, trendan, treyson, treete, treyen, treston, treete, trecher, trester, treveart, trestan, tryerney, treete, treverick, trestleth, trever, trepegs, treven, treyen, therrak, thream, thereat, turel, pritcher, privestrick, prepe, pricken, piebc, pqwarther, puthelly, tredgeson, preyd, pricker, prepe, price, picley, pattins, pater, paul, pacelliok, paggrey, pails, petes, pelles, pellesson, pelles, pelles, pelles, pelerson, pelles,
pelles, pelles,
pellesthell, pelles, pelles, pelles,
pelles, pellesshnel, pellew, pelles, pelcox, pelles,
pelles,
pellevill, pelleven, pellew, pellett, petliss, pethell, peteit, peterson, peter, petchell, petevell, petelmyn, petevels, peilever, meyere, meing, mether, meunichke, muwath, morres, moray, molroy, monort, morame, morroms, morrejom, porman, rowam, rambly, rammason, rammarliss, rasslay, sesell, seargo, semmiel, seil,
shigell, sheof, sheegs, sheel, shewis,
shim,
shullig, sourmart, suarrand, sulport, slamyson, slewer, slemont, skeelmy, seghus,
shie, shilli, shoddrin, shold, sorde, sowerth, sourmy, soryd, sorma, sumull, sumin, symo, sneeff, sned, snelis, sholus, sher, sherit, sherich, shelip, shith, sherie, sielman, sigot, skispert, skiels, simon,
smithell, sander, santer, sannock, saile, saeddrayd, seachory, searrick, sierahd, sillood, sile, simbleth, skiels, simon, sim,
smill, smold, smill, smal, smilven, smolen, somerick, smoulmarsew, smusherm, machawle, macharrell, macharrell, macharlet, machenney, machawleth, machurley, macpathel, macpier, macmilley, macmillistapher, macmillo an, macmoran, maccollcy, maccolan,
maccamerby, maccalle, maccollan, maccom, maccall, maccam, maccall, maccambrack, maccallett, macclennis, macclunte, maccleyn, macclundean, maccluntan, macclundell, macgolan, macgondall, macgrewison, macguinnell, macgughan, macguwick, macguiley, macramie, macray, macraith, macray, macquie, macrain, macvay, macwalliff, macwall, mager, macwhenneal, macmirne, macmoray, morson, moradh, monand, morames, moriscor, mory, monus, moyre, morase, morrios, morson, moradshnan, moogan, moragh, morash, morase, moraid, morv