Acca, Aeaba, Aeffa, Aeldra, Aelfa, Aelle, Aette, Anna, Bass, Beda, Bica, Binni, Blacey, Blithe, Bliths, Blostm, Bondi, Botta, Brand,
Brant, Budda, Bugge, Bynni, Cada, Cana, Cearl, Cille, Clac, Cola, Cutha, Cyppe, Denu, Dodda, Eabae, Eafa, Eni, Fearn, Freca, Gal,
Geol, Goda, Grim, Hacca, Haele, Haki, Hasta, Hedde, Hengist, Horsa, Hrafn, Hring, Hugi, Ine, Lilla, Moll, Mul, Octa, Offa, Ogga,
Orm, Peada, Penda, Praen, Pymma, Reod, Saba, Sebbi, Snel, Sped, Swan, Swein, Thearle, Tofi, Toki, Tole, Tripp, Tubbi, Tukka,
Tunni, Wace, Wada, Waed, Warer, Wini, Witta, Wuffa, Yffi, Ac, Aelf, Aenes, Aethel, Aew, Ard, Arm, Baerh, Barda, Bay, Beald, Bel, Beo, Beorht, Beorn, Beran, Bitan, Blac, Blaec, Blaed,
Bland, Bote, Bregu, Brun, Burg, Cadda, Caed, Cen, Ceol, Cuic, Cuth, Cyne, Daeg, Daegel, Daegga, Deal, Deor, Dern, Dude, Dun, Ead,
Eald, Ealh, Ean, Ear, Ecg, Eofor, Frea, Frith, Gar, Geat, Gisel, Glaed, God, Gold, Graeg, Grim, Guth, Halig, Hard, Hari, Heah, Heana,
Heard, Heathu, Helm, Heort, Here, Herle, Hlot, Hoga, Holen, Hrof, Hroth, Hun, Hwit, In, Isen, Kettil, Lang, Leod, Leof, Mael, Maer,
Maht, Mund, North, Noth, Oe, Ondes, Ord, Orme, Os, Rand, Raegen, Read, Ric, Rim, Ruh, Run, Sa, Sae, Scroc, Secg, Sel, Sig, Sige,
Snel, Stan, Strang, Sunu, Swet, Swith, Theod, Thur, Tila, Tort, Treuwe, Trum, Wacer, Waer, Wald, Walt, Weald, Weard, Wict, Wig,
Wil, Wine, Wulf, Wusc, aeldra, aesc, arm, beald, beorht, beorn, bert, bote, brand, cromb, cyne, deal, deor, dreda, ecg, eofer, frea, frith, fugol, gar, gard,
geat, gild, glaed, god, gold, grim, gyr, haele, hard, heah, heard, helm, here, hun, in, kettil, lac, leod, leof, mael, maer, maht, mann, mon,
mund, noth, nyd, raed, rand, ric, rim, run, sele, sig, sige, snel, son, stan, sterre, strang, sunu, swith, thorne, uald, wacer, waer, wald,
walh, walt, weald, weard, weorth, wict, wig, wil, wine, wini, wise, wold, wulf, wyn, Alan, Alun, Arthur, Arthyen, Austell, Benesek, Blyth, Branek, Branwalather, Brengy, Breoc, Bryok, Budic, Buthek,
Cadan, Cador, Cadreth, Caradoc, Carasek, Carrow, Caswyn, Cleder, Clemow, Clesek, Colan, Colyn, Corentyn, Cornelly, Costentyn,
Costetyn, Crantok, Credan, Daveth, Davy, Denzel, Digory, Docco, Doniert, Donyerth, Durngarth, Elid, Enoder, Ervan, Feoc, Gawen,
Gerens, Gerent, Germoc, Germoe, Glewas, Goran, Gorlas, Goron, Gorthelyk, Gourgy, Gwinear, Gwynek, Herygh, Hicca, Howel,
Hydroc, Iahan, Ives, Jacca, Jago, Jamma, Jory, Jowan, Kaveran, Kenal, Kenan, Kenver, Kenwyn, Keresyk, Kevern, Kitto, Ludwan,
Maban, Madern, Malgen, Manuel, Margh, Marrek, Massen, Mawgan, Maylwen, Mellyan, Melor, Melyn, Meriasek, Merryn, Milyan,
Myghal, Nadelek, Nechtan, Nerth, Neythen, Nicca, Padern, Pasco, Pawly, Peder, Pencast, Peran, Perran, Petroc, Petrok, Piran,
Rewan, Ruan, Rumon, Ryel, Samson, Seleven, Selyf, Sennen, Silyen, Sithny, Sythyn, Talan, Talek, Tomas, Trevedic, Tristan,
Trystan, Udy, Uther, Uthno, Vark, Vyvyan, Welet, Wella, Weryn, Wethinoc, Withell, Worrec, Yestin, Ythel, A’court, Abbott, Abington, Able, Ablett, Abney, Acheson, Ackerly, Ackland, Adair, Adam, Adams, Adamson, Adcock,
Addington, Addison, Addy, Adeane, Adkins, Adney, Agate, Aggett, Agnew, Agutter, Aiken, Airey, Aitken, Aitkens, Albert, Alcock,
Alden, Alderman, Alderson, Aldiss, Aldous, Aldren, Aldridge, Aldwin, Alexander, Alexander, Alford, Allan, Allanson, Allbright,
Allen, Allwright, Almer, Alston, Alwin, Ambler, Amery, Ames, Amis, Anderson, Andrews, Annett, Annis, Annison, Appleby,
Applegate, Appleton, Applin, Archbell, Archer, Archibald, Argent, Arkwright, Arlott, Arment, Armer, Armitage, Armour, Armstrong,
Arnell, Arnett, Arnold, Arnott, Arram, Arrowsmith, Arthur, Ashmead, Ashton, Ashwin, Atherton, Atkin, Atkins, Atkinson,
Attenborough, Atthill, Attley, Attwell, Attwick, Attwood, Atwater, Auden, Austen, Aveling, Averill, Avis, Ayler, Aylesworth,
Aylward, Aymes, Babbage, Babbitt, Babcock, Bacchus, Bachelor, Backer, Bacon, Bagley, Bail, Bailey, Baker, Baldwin, Ball,
Ballard, Balman, Balmer, Banfield, Banister, Banker, Banks, Bannerman, Barber, Bardell, Barker, Barlow, Barnard, Barnes, Barnett,
Baron, Barrett, Barrow, Barry, Barsby, Bartholomew, Bartlett, Barton, Bateman, Bates, Bateson, Batty, Bawden, Baxter, Bayliss,
Baynes, Beamer, Bean, Beard, Beatson, Beattie, Beckett, Beckford, Beckham, Bedloe, Beecham, Beecher, Beeman, Belcher,
Belham, Bell, Bellairs, Bellamy, Bellew, Bellmaine, Bencroft, Benedict, Benn, Bennett, Benny, Benson, Bentham, Bentley, Benton,
Beresford, Bernard, Berryman, Bertram, Bessemer, Bethell, Bevan, Beverly, Bewes, Bewick, Bibbey, Biggs, Billings, Billington,
Bing, Birch, Bird, Birdwood, Birkett, Birrel, Bishop, Bisset, Bithell, Black, Blackburn, Blackett, Blackwood, Blake, Blakely,
Blanchard, Bland, Blandford, Bleakman, Blessed, Bligh, Bliss, Blondell, Blood, Bloom, Bloomer, Bloomfield, Blundell, Blunden,
Blunt, Blythe, Boar, Boatswain, Boden, Bodkin, Bodley, Bolan, Bold, Bolton, Bonamy, Bond, Bone, Bonington, Bonner, Booker,
Boole, Boon, Boorman, Boosey, Boote, Booth, Bootham, Borrow, Bosley, Botham, Boucher, Boughton, Boulter, Bourne, Bowcott,
Bowden, Bowen, Bower, Bowers, Bowie, Bowler, Bowles, Bowman, Bowyer, Boyd, Boydell, Boyle, Bracegirdle, Bracken,
Brackenridge, Braddock, Braddon, Bradford, Bradley, Bradshaw, Brady, Bragg, Braithwaite, Branch, Brassey, Braxton, Bray,
Brazier, Breakspear, Bream, Brent, Brewer, Brewster, Bridge, Bridges, Bridle, Briggs, Bright, Brightmore, Brisbane, Britten, Broad,
Broadhead, Brock, Broderick, Brooke, Brookes, Brookner, Brooks, Broom, Broughton, Brown, Browning, Bruce, Brunton, Bryan,
Bryant, Buck, Buckler, Buckley, Bull, Bullock, Bulmer, Bunting, Bunyan, Burchard, Burdett, Burgess, Burke, Burley, Burney,
Burns, Burr, Burrage, Burrell, Burroughs, Burrows, Burton, Busby, Bushell, Butcher, Butler, Butlin, Butterworth, Button, Buxton,
Byers, Byng, Byrd, Byrne, Bywater, Bywood, Callcott, Calverd, Calverly, Camp, Campbell, Canby, Cann, Cannard, Cannell,
Cantwell, Capell, Carder, Carey, Carlyle, Carman, Carpenter, Carrington, Carroll, Carter, Cartwright, Carver, Case, Cash, Castle,
Catchpole, Cater, Catt, Cattell, Cave, Chadwick, Chalk, Chalker, Challenger, Chalmers, Chamberlain, Chambers, Chancellor,
Chandler, Chant, Chaplin, Chapman, Chappel, Charlton, Chase, Chatfield, Chaucer, Cheeseman, Cheesewright, Cheetham, Cheever,
Cheney, Cherry, Chesney, Chester, Chesterton, Chinn, Chisholm, Christian, Christie, Christopher, Chudley, Chumley, Church,
Churchfield, Clapham, Clare, Clarges, Claridge, Claris, Clark, Clarke, Claxton, Clayton, Cleaver, Clegg, Cleghorn, Clemens,
Clement, Clempson, Clerk, Clothier, Coates, Cobbald, Coburn, Coe, Coghill, Cole, Coleman, Coles, Collett, Colley, Collier,
Collings, Collins, Collinson, Comfort, Coningsby, Connant, Conner, Constable, Constance, Cook, Cooke, Cooper, Coot, Cope,
Corden, Cordwainer, Corker, Corrick, Cory, Costner, Cotter, Cotterill, Cotton, Couch, Coulson, Courage, Court, Courtauld,
Courtney, Cousins, Cowling, Cowper, Cox, Crabbe, Craig, Craik, Crane, Crawford, Crewe, Cribb, Crisp, Crocker, Cropper, Cross,
Crowther, Crozier, Cruickshank, Crump, Cryer, Culbert, Culpepper, Cunningham, Curtin, Curtis, Curwood, Cuthbertson, Cutler,
Cutter, Cutts, Dakins, Dalby, Dale, Dales, Dalton, Daltrey, Daly, Damerell, Dampier, Damson, Dance, Dandy, Danforth, Daniels,
Danson, Dark, Darling, Darts, Darwin, Dash, Dashwood, Daubeny, Davey, David, Davidson, Davies, Davis, Davison, Davitt, Daw,
Dawes, Dawkins, Dawson, Day, Daykin, Deacon, Dean, Deare, Debney, Delafield, Delbridge, Dempster, Denby, Denham, Dennis,Dennison, Denny, Dent, Dewdney, Dexter, Dickens, Dickinson, Dickson, Diver, Dixon, Dobbyn, Dobell, Dobson, Dodd, Dodge,
Dodgson, Dodson, Doe, Dolittle, Donald, Donaldson, Dorr, Dorrit, Doughty, Dove, Dowson, Doyle, Drake, Draper, Dray, Drewitt,
Drinkall, Drinkwater, Driver, Drury, Duckworth, Duke, Duncan, Dunn, Durand, Durrant, Dutton, Dwight, Dybell, Dyer, Dykes,
Dyson, Eade, Eadie, Earle, Easley, East, Eastlake, Eastman, Easton, Ebbetts, Eddington, Eddis, Eddison, Eden, Edgar, Edison,
Edmond, Edmondson, Edmunds, Edwards, Eggleston, Eglin, Elder, Elgar, Ellicott, Ellin, Elliott, Ellis, Ellison, Ellsworth, Ellwood,
Elwin, Ely, Emerson, Emmett, Enfield, English, Erwin, Etheridge, Eustace, Evans, Evelyn, Ewer, Faber, Fairbrother, Fairchild,
Fairfax, Fairfield, Fairley, Falcon, Falconer, Faramond, Farmer, Farr, Farrand, Farrar, Farrier, Farthing, Faulkner, Fawkes, Fearman,
Feather, Fell, Fellows, Fender, Fennell, Fiddler, Fielder, Fielding, Filkins, Finch, Fine, Fisher, Fiske, Fitch, Fitchett, Fitzgerald,
Flashman, Fleming, Flesher, Fletcher, Flinter, Flower, Flynn, Folkes, Follett, Foot, Footman, Ford, Forder, Foreman, Forest,
Forester, Forster, Fortnam, Foster, Fothergill, Fournier, Fowler, Fox, Francis, Franklin, Franks, Fraser, Free, Freelove, Freeman,
French, Frere, Frewer, Friend, Frobisher, Frost, Froude, Fry, Fulk, Fuller, Furber, Gadd, Gaine, Gaisford, Galpin, Galton, Gamble,
Gambling, Gamlin, Gammell, Gard, Gardiner, Gardner, Garland, Garner, Garnett, Garrett, Garthwaite, Garvice, Gatehouse, Gates,
Gatewood, Gaye, Gearing, Gee, Gentle, Geoffreys, George, Gerard, Germain, German, Gibb, Gibbon, Gibbons, Gibbs, Gibson,
Gilbert, Gilbertson, Giles, Gilham, Gill, Gillette, Gilliam, Gilman, Gilpin, Gilroy, Gilson, Gladman, Glaisher, Glass, Glazebrook,
Glover, Godbert, Goddard, Godding, Godfrey, Godwin, Gold, Golden, Goldsmith, Goldwin, Golightly, Golland, Good, Goodbody,
Goodenough, Goodfellow, Goodheart, Goodyear, Goossens, Gordon, Gorton, Gosling, Gosse, Gotobed, Gough, Gould, Gower,
Gowers, Graham, Grainger, Grand, Grant, Gray, Grayson, Grealey, Greaves, Green, Greenfield, Greenwood, Greer, Greggs, Gregson,
Grenfell, Gresham, Grey, Grice, Grier, Grierson, Grieve, Griffin, Griffiths, Grigson, Groom, Gross, Grossmith, Grosvenor, Groves,
Guest, Guy, Hacker, Haddon, Haden, Hake, Halding, Hale, Hall, Halliwell, Hallmark, Hambley, Hamblin, Hamilton, Hamlyn,
Hammett, Hammond, Hampden, Hanaford, Hancock, Hand, Hankin, Hannah, Hansard, Hansford, Hanson, Hapgood, Harding,
Hardwick, Hardy, Hare, Hargreaves, Harland, Harling, Harmon, Harmsworth, Harper, Harriman, Harris, Harrison, Hart, Hartley,
Harveson, Harvey, Hastings, Hatcher, Hatton, Hawes, Hawke, Hawkins, Haworth, Hayes, Haynes, Hayward, Hazlitt, Headlam, Heath,
Heathcote, Heaton, Henderson, Hendry, Henty, Hepworth, Herbert, Herd, Heriot, Herman, Heseltine, Hewer, Hewitt, Hewlett, Hicks,
Hickson, Higgins, Higgs, Hill, Hilton, Hine, Hinton, Hitch, Hitchcock, Hitchens, Hoare, Hobart, Hobbs, Hobson, Hodges, Hodgkiss,
Hodgson, Hogg, Holden, Holland, Hollier, Hollis, Holloway, Holman, Holmes, Holt, Holyoake, Hookham, Hooper, Hope, Hopkins,
Hopkinson, Hopwood, Hornblower, Horner, Horsley, Horton, Hotchkins, Hotchkiss, Hough, Houghton, Howard, Howarth, Howell,
Howells, Howes, Howitt, Hubbert, Hudd, Hudson, Huggett, Huggins, Hughes, Humphries, Hunt, Hunter, Huntingdon, Hurd, Hurst,
Husband, Hussey, Hutchinson, Hutchison, Hyde, Hyndman, Ibbetson, Idle, Inge, Inglefield, Inglesby, Ingram, Inman, Inswell,
Iremonger, Isaacson, Ives, Jacklin, Jacks, Jackson, Jacobi, Jacobs, Jaggard, Jagger, Jakes, James, Jameson, Janes, Jardine, Jarman,
Jarrett, Jarrold, Jarvie, Jarvis, Jaspers, Jaye, Jeeves, Jeffcote, Jefferies, Jefferson, Jeffries, Jeffs, Jenkins, Jenkinson, Jenks, Jenner,
Jennett, Jennings, Jeppson, Jermyn, Jerrold, Jervis, Jessop, Jewett, Jocelyn, Johns, Johnson, Johnston, Joiner, Jones, Jordan,
Josephs, Josephson, Jowett, Joyce, Judd, Judge, Judson, Julian, Kay, Keats, Keen, Keene, Kellogg, Kember, Kemp, Kendrick,
Kennard, Kent, Kew, King, Kingsbury, Kingsford, Kinsey, Kipps, Kirby, Kirk, Kitteridge, Kitts, Knight, Knowles, Labbett, Lake,
Lakeman, Lamb, Lambert, Lambrick, Lancer, Landor, Lane, Langdon, Langley, Lapping, Larkin, Larraby, Latham, Lathrop, Latimer,
Lavender, Law, Lawless, Lawrence, Lawrenson, Lawrie, Lawson, Lea, Leach, Leadbeater, Lean, Leather, Leavey, Leavins, Lebeau,
Lee, Lees, Leigh, Leland, Leonard, Leopard, Lethbridge, Letson, Letts, Letty, Leverick, Leveridge, Levin, Lewes, Lewin, Lewis,
Lewison, Libby, Liddel, Light, Lightbody, Lilleyman, Lillywhite, Linton, Lipton, Lister, Lithman, Little, Littlejohn, Livesay, Lloyd,
Loader, Locke, Lockett, Lockhart, Locksmith, Lockyer, Long, Longacre, Longbourne, Longfellow, Lord, Lorimer, Louis, Love,
Loveday, Lovejoy, Lovelace, Lovell, Lovitt, Low, Lowell, Lowes, Lowry, Lucas, Luckey, Lucy, Ludford, Ludlow, Luke, Lunn, Luther,
Luttrell, Lutwidge, Lynch, Lynd, Lynn, Lyon, Lyons, Lytton, Mabley, Mabson, Macey, Machin, Macy, Maddox, Madgett, Madison,
Magdalen, Maggs, Magill, Magson, Maiden, Maidman, Makepeace, Makins, Makinson, Malaby, Malkin, Mallard, Malleson,
Mallett, Mallinson, Mallory, Malter, Manby, Manley, Mannering, Manning, Mansel, Marbler, Marchant, Margerison, Mariner,
Marion, Maris, Marison, Marker, Markham, Marks, Marler, Marlow, Marmion, Marner, Marriot, Marryat, Marsden, Marshall,
Marsh, Marshbanks, Marshman, Martell, Martens, Martin, Martinson, Martlet, Martyr, Maryat, Mason, Massey, Massinger,
Masters, Mather, Matheson, Matterson, Matthews, Matthewson, Maudling, Maudson, Mault, Mawson, May, Maybank, Maycock,
Mayer, Mayhew, Maykin, Mead, Meadows, Meager, Meakin, Meares, Medhurst, Meek, Meggeson, Meiklejohn, Melk, Mellor,
Mercer, Merchant, Mercy, Merivale, Merrell, Merrill, Merriman, Merrison, Merritt, Merry, Merryweather, Messenger, Metcalfe,
Meynell, Michaels, Michaelson, Michell, Michison, Middleton, Milborrow, Milburn, Mildmay, Miles, Miller, Millett, Mills, Milne,
Milner, Miskin, Mistry, Mitchell, Mitford, Molesworth, Mollison, Molyneaux, Monger, Monk, Monkhouse, Moorcock, Moorcroft,
Moore, Moran, Morgan, Morley, Morrant, Morris, Morrison, Morrisson, Morse, Morson, Morton, Mosely, Moss, Mott, Mottram,
Moulson, Moulton, Mower, Moxon, Moyne, Moyse, Much, Muldaur, Mulliner, Munsby, Murphy, Murray, Murrells, Mustard,
Myers, Naden, Naismith, Napier, Nash, Nayland, Naylor, Neale, Neame, Neate, Neave, Neck, Needler, Neighbour, Neill, Neilson,
Nell, Nelson, New, Newcliff, Newfield, Newman, Newnham, Newsham, Newson, Newton, Nibbs, Nibson, Nicholas, Nicholls,
Nichols, Nicholson, Nicks, Nickson, Nicol, Nightingale, Niles, Nixon, Noel, Norman, Normanby, Norris, North, Norton, Norvell,
Nott, Nowell, Noy, Noyes, Nunn, Nurse, Nuttal, Oade, Oakeshott, Oakley, Oastler, Olcott, Old, Oliver, Oliverson, Ordway, Orgill,
Orrick, Osborne, Osbourne, Osgood, Ostler, Ostridge, Otter, Outlaw, Outram, Outridge, Overton, Owen, Owens, Oxley, Oxnard,
Oyler, Packer, Pagan, Paget, Paige, Painter, Pakeman, Palgrave, Pallister, Palmer, Panther, Pardey, Parfett, Pargeter, Parker, Parkes,
Parkin, Parkinson, Parkman, Parks, Parmenter, Parnel, Parr, Parrinder, Parritt, Parry, Parson, Parsons, Partridge, Pascal, Pascoe,
Passmore, Pate, Paterson, Patrick, Patrickson, Patten, Patterson, Paul, Paulson, Pauncefort, Paxton, Payne, Paynel, Peabody,
Peacock, Peake, Peale, Pear, Pearce, Pearl, Pearman, Pearse, Pearson, Peart, Peartree, Pease, Peate, Peck, Peel, Peers, Pegson, Pelham, Peller, Pellew, Pemberton, Penman, Penny, Pennyfeather, Pepper, Pepperell, Peregrine, Perkins, Perks, Perrett, Perrier, Perrin,
Perry, Peters, Peterson, Pethers, Petrie, Pettifer, Pettigrew, Pettit, Petty, Phelps, Philcox, Philips, Phillipson, Philpot, Philpotts, Phipp,
Phipps, Pickering, Pierce, Piers, Pilcher, Pilgrim, Pillinger, Pinchbeck, Pincher, Pinder, Pinker, Pinkney, Pinnock, Piper, Pitman, Plater,
Player, Pledger, Plowman, Plowright, Pluckrose, Plum, Plummer, Pocket, Poe, Poindexter, Pollard, Polson, Pond, Poole, Poor, Pope,
Popejoy, Popplestone, Porcher, Port, Porter, Postle, Potkin, Pottell, Potter, Pottinger, Potts, Poulter, Pound, Povey, Powdrill, Powell,
Power, Powles, Pratt, Prebble, Preece, Preston, Pretty, Prettyman, Price, Pride, Priest, Prime, Prince, Prior, Pritchard, Pritchett, Probert,
Procter, Proffitt, Proude, Provost, Prowse, Prudhom, Pullan, Pumphrey, Punter, Purcell, Purchase, Purefoy, Purnell, Purser, Purvis,
Puscat, Pusey, Pyatt, Pye, Quant, Quarles, Quarrell, Quarry, Quarterman, Queen, Quick, Quilter, Quincey, Rabb, Rabbetts, Rabbs,
Radford, Rafe, Rains, Ralphs, Ramage, Ramsey, Ramson, Rand, Randal, Randall, Randolph, Rank, Rankin, Ransome, Rastell, Raven,
Rawdon, Rawkins, Rawles, Rawlings, Rawlinson, Rawson, Reader, Ready, Redfern, Redman, Redway, Reece, Reed, Rees, Reeve,
Reeves, Reginald, Reid, Rennell, Renner, Rennie, Rennison, Renshaw, Restler, Reynolds, Reynoldson, Rhodes, Rhys, Rice, Rich,
Richards, Richardson, Richie, Richmore, Rickard, Rickett, Rickson, Rideout, Rider, Ridges, Ridgeway, Rigden, Rigg, Riley, Rimmer,
Ringer, Ritchie, Rixon, Robb, Robbins, Roberts, Robertson, Robeson, Robey, Robinson, Robson, Roe, Roebuck, Rogers, Rogerson,
Rogett, Roke, Roland, Rollings, Rollins, Rollinson, Rook, Roope, Root, Roper, Roseman, Ross, Roughead, Round, Rouse, Routh,
Rover, Rowbotham, Rowe, Rowlands, Rowlandson, Rowley, Rowling, Roy, Royden, Rozier, Rucker, Rudd, Rue, Rumbold, Runciman,
Russ, Russell, Rust, Ruth, Rutter, Ryan, Rymer, Sacker, Sadler, Saffron, Sage, Saint, Salmond, Salter, Samson, Samwell, Sanders,
Sanderson, Sandison, Sands, Sanford, Sanger, Sansome, Sanson, Sapper, Sargent, Saunders, Saunderson, Savage, Saville,
Sawbridge, Sawyer, Sayer, Scaife, Scammell, Scot, Scott, Scrimshaw, Scullion, Seabrook, Seabury, Searle, Seaton, Seavers, Secker,
Sedgman, Sedley, Sellers, Sewell, Sexton, Seyler, Shakeshaft, Shakespeare, Shanks, Shapeley, Sharman, Sharp, Sharpe, Sharrock,
Shaw, Shears, Shepherd, Sheppard, Sheriff, Sherlock, Sherrard, Sherrington, Sherwin, Shields, Shilling, Shingler, Shipman, Shirley,
Short, Shutler, Sibbet, Sibley, Silburn, Silk, Silver, Silversmith, Sim, Simcock, Simcoe, Simcox, Sime, Simkins, Simmins, Simmonds,
Simmons, Simms, Simpkins, Simpson, Sims, Sinclair, Singer, Sisley, Sisson, Skeat, Skeggs, Skinner, Sladen, Slater, Sleeman, Slingsby,
Sloper, Smale, Small, Smart, Smeaton, Smele, Smith, Smithers, Smollett, Snare, Snell, Sneyd, Snider, Snow, Soane, Solomon, Soper,
Sorrell, South, Southcott, Southey, Sowerby, Spalding, Spark, Speake, Speare, Spedding, Speight, Spence, Spencer, Spender,
Spendlove, Spicer, Spiers, Spindler, Spooner, Sprackling, Spray, Spring, Springall, Springer, Squiers, Stacey, Stagg, Stainer, Stallard,
Stanfast, Stanhope, Stanley, Stannard, Staples, Starke, Starling, Starr, Statham, Stather, Stead, Steadman, Stearman, Stenson,
Stephens, Stephenson, Stern, Stevens, Stevenson, Steward, Stewart, Still, Stimpson, Stocker, Stockton, Stoddard, Stokes, Stone,
Stopes, Storer, Storey, Stout, Stowe, Stowers, Straight, Strange, Streeter, Stringer, Stripling, Strong, Strongarm, Strutter, Styles,
Suckling, Sudden, Summer, Summers, Sumner, Sumpter, Sutherland, Sutler, Sutton, Swann, Swanwick, Sweet, Sweeting, Sweetlove,
Sweetman, Swift, Swingler, Swinton, Sykes, Symonds, Tabard, Tailor, Tait, Talbot, Tamble, Tambling, Tamblyn, Tamlyn, Tancock,
Tanner, Tapper, Targett, Tasker, Taverner, Taylor, Tazewell, Teacher, Tench, Tennant, Tennyson, Terry, Thatcher, Thaxter, Thomas,
Thomason, Thomkins, Thompson, Thomson, Thornton, Thorpe, Threader, Thresher, Thrower, Thrush, Tibbals, Tibbett, Tibbs, Tiller,
Tilley, Tillison, Tillman, Tillotson, Timberman, Timblin, Tims, Tinker, Tippett, Tipson, Todd, Todhunter, Toliver, Toller, Tolman,
Tombs, Tomkins, Tomlins, Tomlinson, Toms, Toogood, Tooke, Topper, Tough, Towers, Towns, Townsend, Tranter, Trapnell, Tredgett,
Trench, Trenchard, Trencher, Trickett, Trigger, Trinder, Trivett, Trott, True, Truelove, Truman, Trumper, Truscott, Try, Tubman,
Tucker, Tudor, Tupper, Turk, Turnbull, Turner, Turtle, Turtledove, Twinn, Tyler, Tyson, Ulman, Underhill, Underwood, Unwin,
Upton, Usher, Utteridge, Vale, Vantage, Vaughan, Veale, Veil, Vender, Venner, Verity, Verrier, Vickerman, Vickers, Vincent, Vine,
Vinson, Vokes, Voller, Wace, Waddington, Wade, Wadleigh, Wadsworth, Waggoner, Waghorn, Wagstaff, Waine, Wainwright, Waite,
Wake, Wakefield, Wakeman, Walford, Walker, Wallace, Waller, Wallis, Walsh, Walters, Walton, Ward, Warden, Ware, Warner,
Warren, Warrender, Watchman, Waterman, Waters, Watkeys, Watkin, Watkins, Watson, Watt, Watts, Wax, Waxman, Weatherly,
Weaver, Webb, Webber, Webster, Welch, Welham, Wellcome, Weller, Welles, Wellman, Wells, West, Westcott, Westlake, Weston,
Wharton, Wheatley, Wheeler, Wheelwright, Whistler, Whiston, Whitbread, White, Whitehead, Whitehouse, Whitesmith,
Whitgreave, Whitlock, Whitney, Whittaker, Wicken, Wicker, Wickliffe, Wilcock, Wilcox, Wild, Wildblood, Wilder, Wilding,
Wildrose, Wilkie, Wilkins, Wilkinson, Wilks, Willard, Willcock, Willcox, Williams, Williamson, Willis, Willmott, Willows, Wills,
Wilmer, Wilmot, Wilson, Windle, Winslow, Winter, Winthrop, Wisdom, Wise, Wiseman, Withers, Witherspoon, Witty, Wodehouse,
Wolcott, Wold, Wolf, Wollaston, Wolsey, Wood, Woodbury, Woodcock, Woodfall, Woodger, Woodhouse, Woodman, Woodmancy,
Woods, Woodward, Wooldridge, Woollcott, Woolridge, Workman, Worth, Wrathall, Wraxhall, Wren, Wright, Wyatt, Wylie, Wyman,
Wymer, Wyndham, Yarrell, Yarwood, Yates, Yearling, Yeoman, Young, Youngman, Yule, Abraham, Alan, Albert, Alexander, Alfred, Algernon, Ambrose, Anthony, Arthur, Augustus, Barnabas, Bartholomew,
Basil, Benedict, Benjamin, Bernard, Bertram, Charles, Christopher, Clarence, Clive, Constantine, Cornelius, Cuthbert, Cyril,
Edmund, Edward, Edwin, Erasmus, Felix, Francis, Frederick, Gabriel, Geoffrey, George, Gerard, Gervase, Gilbert, Guy, Harold,
Hector, Henry, Herbert, Horace, Horatio, Hugh, James, Jasper, John, Jonathon, Joseph, Julius, Justin, Lancelot, Leonard, Louis,
Marcus, Marmaduke, Matthew, Maurice, Miles, Nathaniel, Nicholas, Nigel, Oliver, Pelham, Percival, Peregrine, Peter, Phineas,
Piers, Quentin, Rafe, Ralph, Randolph, Raphael, Reginald, Richard, Robert, Roger, Roland, Rupert, Samuel, Sebastian, Stephen,
Sylvester, Theodore, Thomas, Tobias, Tristram, Valentine, Vernon, Walter, Warren, William, Abel, Abraham, Absalon, Adam, Ailward, Alan, Alban, Albin, Alexander, Alfred, Alger, Almaric, Alured, Andrew, Arnold,
Arthur, Aubrey, Augustine, Aymon, Aytrop, Baldwin, Bardulf, Bartelot, Bartholomew, Basil, Benedict, Bernard, Brice, Christopher,
Clement, David, Drogo, Edmund, Edward, Elias, Ernald, Ernulf, Eustace, Everard, Fulk, Fulke, Geoffrey, Gerard, Gervase, Gilbert, Giles,
Gillemin, Godfrey, Godwin, Graland, Gregory, Guichard, Guy, Hamo, Hamon, Harry, Harvey, Hasculf, Henry, Herbert, Hereward,
Howard, Huberd, Hubert, Hugh, Hugo, Humfrey, Humphrey, Imbert, Ivo, Jacob, James, Jocelyn, John, Jordan, Lambert, Laurence,
Luke, Maneser, Martin, Matthew, Maurice, Michael, Miles, Milo, Nicholas, Nigel, Norman, Odo, Oliver, Osbert, Oswald, Pagan, Paul,
Peter, Philip, Piers, Ralph, Randolph, Ranulf, Rauf, Rayner, Reginald, Renaud, Reynald, Richard, Robert, Robin, Roger, Saer, Segod,
Serlo, Sewal, Sewin, Siger, Silvester, Simon, Stephen, Swain, Syward, Theobald, Thomas, Thurstan, Vincent, Wakelin, Walerand,
Walter, Warin, Warren, William, Wymer, : Acer, Adelard, Adric, Ailmar, Ailmund, Alard, Albert, Aldwin, Alfric, Alric, Ambrose, Anselm, Arnulf, Ascil, Auger, Aylmer,
Aylwin, Aynulf, Beaumund, Beneger, Berenger, Bertram, Boniface, Brachtmar, Brune, Coleman, Constantine, Daniel, Denis, Dereman,
Durant, Eberard, Edric, Edrich, Edulf, Ernwyd, Estmar, Fray, Fromund, Fulbert, Galant, Gamel, Gerebert, Germund, Gerald, Gerold,
Gocelin, Godard, Godelot, Godric, Godsalm, Gredlan, Greylond, Harding, Hascuil, Hersent, Hodard, Ilger, Ingeler, Ioco, Isaac, Jakin,
Jean, Joceaume, Jocelin, Joseph, Juibert, Julian, Lagot, Layamon, Leofric, Leofwan, Leonard, Letard, Louis, Mark, Mauger, Maurin,
Noah, Odard, Oger, Orenga, Osgood, Osmer, Osmund, Otto, Quintin, Randwin, Reinbald, Reymund, Richeman, Ringer, Roce, Rocelin,
Roland, Rolf, Sabern, Savaric, Saward, Sawin, Seaman, Solomon, Spakeman, Sperling, Sweting, Talebot, Terry, Theodric, Thorold,
Toly, Trahel, Tristram, Turbert, Ulmar, Walding, Walkelin, Wano, Warner, Wigan, Wigar, Wimund, Wulfwin, Wydo, Wymarc, Wymon, Aaron, Abb, Adaidh, Adair, Adam, Aed, Aeneas, Aenghus, Aidan, Aiden, Ailbert, Aindreas, Ainslie, Alasdair, Alastair, Alec,
Alexander, Alistair, Allan, Alpin, Andrew, Angus, Anthony, Aongus, Arran, Artain, Artair, Athol, Aulay, Banquo, Baptist, Barclay,
Beathan, Beistean, Ben, Benjamin, Benneit, Bernard, Bhaltair, Blaine, Blair, Brechin, Brendon, Brock, Broderick, Bruce, Cailean,
Callum, Calum, Cameron, Campbell, Charles, Charlie, Chattan, Christopher, Clyde, Colin, Colley, Colmac, Connor, Conor, Conran,
Cosmo, Cradoc, Craig, Cramond, Crawford, Crinan, Cuthbert, Daniel, Darren, David, Dean, Declan, Denholm, Diarmid, Diarmud,
Domhnall, Donald, Dougal, Douglas, Duff, Dugald, Duncan, Durell, Dylan, Eachann, Eairdsidh, Eallair, Eanraig, Ebenezer, Edan,
Edward, Eideard, Elphin, Eoin, Erskine, Ethan, Euan, Evan, Ewan, Fagan, Farquhar, Fearchar, Fearghas, Fergus, Fife, Fingall, Finlay,
Fionnghal, Fionnlagh, Forbes, Frangan, Fraser, Gary, Gavin, Geordie, George, Gilbert, Gilchrist, Glen, Gordon, Greg, Gregor, Gregory,
Guinn, Guinoch, Hamish, Harailt, Harry, Hector, Hugh, Huisdean, Iaian, Iain, Ian, Innis, Jack, Jacob, Jake, James, Jamie, Jason, Jay,
Joe, John, Jonathan, Jordan, Joseph, Josh, Joshua, Kai, Kathel, Keddy, Keir, Keith, Ken, Kenneth, Kevoca, Kieran, Kirk, Kyle,
Labhrainn, Lachlan, Laird, Lamond, Lawrence, Lawrie, Lee, Lennox, Leon, Leslie, Lewis, Liam, Logan, Lorne, Louis, Lucas, Ludovic,
Luke, Lyle, Machan, Magnus, Malcolm, Manas, Marc, Marcus, Mark, Martin, Mata, Matha, Matthew, Maurice, Max, Maxwell,
Michael, Modan, Muir, Mungo, Murdo, Murdoch, Murray, Nairne, Nathalan, Nathan, Neacal, Neil, Niall, Nicholas, Oliver, Owen,
Pàidruig, Pàrlan, Patrick, Paul, Peadair, Peter, Raghnall, Raibeart, Ramsay, Ranald, Reece, Reginald, Rhys, Rob, Robbie, Robert,
Ronald, Rory, Ross, Rowan, Ruaraich, Ryan, Sam, Samuel, Sandy, Sawney, Scott, Sean, Seonaidh, Seoras, Shaun, Shaw, Shim, Sim,
Simon, Siridean, Somhairle, Steaphan, Stephen, Steven, Stewart, Stuart, Tad, Tam, Tàmhas, Tammas, Tavis, Taylor, Tearlach, Thomas,
Tiobaid, Torcall, Tormod, Torquil, Tyler, Wallace, William, Abercrombie, Abernethy, Acheson, Affleck, Agnew, Aherne, Ainslie, Aitken, Alexander, Allan, Anderson, Angus,
Anstruther, Arbuthnot, Armstrong, Atholl, Auchmulty, Austin, Baillie, Bain, Baird, Ballantyne, Bane, Barclay, Bardon, Begley, Bell,
Berridge, Berryman, Bevan, Bignal, Birnie, Bisset, Black, Bosanquet, Bose, Boyd, Boyle, Brann, Brechin, Brodie, Brown, Bruce,
Buchan, Buchanan, Burke, Burns, Caird, Cameron, Campbell, Cardew, Cargill, Carrick, Cattanach, Cayzer, Chalmers, Chattan,
Chisholm, Christie, Clark, Clifford, Clunes, Clyne, Cochrane, Cockburn, Coinneach, Colquhoun, Comyn, Corsie, Craig, Craigie,
Crawford, Crerar, Crichton, Cumming, Cunningham, Curwen, Dalziel, Darroch, Davidson, Dickson, Docherty, Doig, Donaldson,
Dougan, Douglas, Dow, Downie, Drummond, Dumbreck, Dunbar, Duncan, Dundas, Dyer, Elder, Elliot, Elphinstone, Erskine,
Esslemont, Farquarson, Farquhar, Farquharson, Farrell, Ferguson, Fiddes, Findlay, Finlater, Fleming, Fletcher, Forbes, Foulis, Fraser,
Gaffron, Galbraith, Gale, Gallacher, Gallie, Geddes, Gibson, Gordon, Gough, Gow, Graham, Grant, Gray, Gunn, Haig, Hamilton, Hannay,
Hastie, Hay, Henderson, Hendry, Hill, Hughes, Hunter, Innes, Jackson, James, Jamieson, Johnston, Johnstone, Jones, Jory, Keith,
Kelly, Kennedy, Kenneil, Kermode, Kernuish, Kerr, Kiley, Killeen, King, Kirbishly, Kivlochan, Knock, Kyle, Lambert, Lamond,
Lamont, Lang, Leith, Lennox, Leslie, Lindsay, Lithgow, Livingston, Livingstone, Lloyd, Lochhead, Lochore, Logan, Lyall, MacAlister,
MacAllister, MacAlonie, MacAlpine, MacAra, MacArdle, MacArthur, MacArtney, MacAsgill, MacAskie, MacAulay, MacAuley,
MacAuliffe, MacAuslane, MacAvoy, MacBean, Macbeth, MacBradden, MacBrayne, MacBride, MacCaig, MacCall, MacCallum,
MacCambridge, MacCarlich, MacCaw, MacChrystal, MacClacher, MacClelland, MacClements, MacClintock, MacCloy, MacClung,
MacColl, MacCombie, MacCorkill, MacCosh, MacCrimmon, MacCrindell, MacCrum, MacCulloch, MacCurtin, MacCutcheon,
MacDade, MacDerment, Macdonald, MacDonaugh, MacDonell, MacDonnell, MacDougal, MacDougall, MacDuff, MacDuffie,
MacEachan, MacElfrish, MacEwan, MacEwing, MacFadzean, MacFarlane, MacFeat, MacFee, MacFetridge, Macfie, MacGachan,
MacGahey, MacGeechan, MacGhie, MacGibbon, MacGill, MacGillivray, MacGlashan, MacGowing, Macgreal, Macgregor,
MacGugan, MacHardie, MacHendrie, MacHutchin, MacIan, MacIlraith, Macilroy, Macilvain, Macindeor, Macinnes, Macintosh,
Macintyre, Macivor, MacJarrow, MacKail, Mackay, MacKechie, MacKeith, MacKellar, MacKelvey, Mackenzie, Mackie, MacKillop,
MacKimmie, MacKinder, MacKinlay, MacKinley, Mackinnon, Mackintosh, MacKissack, MacLachlan, Maclaine, MacLaren,
Maclatchie, MacLaurin, MacLay, Maclean, MacLeay, MacLeish, Maclennan, Macleod, MacManus, MacMarquis, MacMaster,
MacMichael, Macmillan, MacMinn, MacMurchie, Macnab, MacNair, MacNaughtan, MacNaughton, MacNeil, MacNeur, MacNicol,
MacNidder, MacNish, MacOmish, MacPartland, MacPhee, Macpherson, MacQuarie, Macquarrie, MacQuarry, Macqueen,
MacQuilly, MacQuistan, Macrae, MacRaith, MacRanald, MacRory, MacRuer, MacSporran, MacTaggart, MacTavish, MacTurk,
MacVarish, MacVurich, MacWatters, MacWhirter, MacWilliams, Malcolm, Malise, Malloch, Mar, Marnoch, Marshall, Martin,
Matheson, Mathiesen, Maxwell, Meikle, Melrose, Menzies, Millar, Miller, Milne, Mitchell, Moffat, Moir, Moncrieffe, Monteith,
Montgomerie, Montrose, Moore, Morison, Morrison, Muir, Mundy, Munro, Murchie, Murphy, Murray, Nairn, Nance, Naysmith,
Negus, Nicholson, Nisbet, Ogg, Ogilvie, Ogilvy, Opie, Paisley, Pascoe, Paterson, Peden, Penrose, Pew, Pitcairn, Pitkeathy, Pollock,
Quarry, Quiggin, Rafter, Ramsay, Rankeillor, Reagh, Reid, Reilly, Rhoney, Riach, Riddoch, Ring, Ritchie, Robertson, Rose, Ross,
Russell, Ryan, Scobie, Scott, Shaw, Simpson, Sinclair, Skeene, Skene, Smith, Sonnborn, Soutar, Stevenson, Stewart, Stirling, Strachan,
Stuart, Sullivan, Sutherland, Taylor, Teall, Thompson, Thomson, Towrie, Trease, Trevean, Trewen, Uige, Urquhart, Vessy, Walker,
Wallace, Watson, Watt, Weir, Wemyss, Whearty, White, Williamson, Wilson, Wood, Wotherspoon, Wright, Wynn, Young, Abbotson, Abernethy, Adamson, Adie, Alexander, Allan, Allardice, Anderson, Angus, Arthur, Bain, Bannatyne,
Bartholomew, Baxter, Beath, Bell, Bethune, Bontein, Bontine, Boyd, Brebner, Brown, Buchan, Buntine, Burdon, Burnett, Burns, Caird,
Calder, Callum, Campbell, Cariston, Caw, Chalmers, Cheyne, Clanachan, Clarke, Clouston, Colleir, Colman, Colyear, Combich, Comine,
Comrie, Conacher, Coutts, Cowan, Crerar, Crombie, Cruickshank, Cumming, Dallas, Darroch, Davie, Davis, Denoon, Deuchar,
Dingwall, Dis, Dochart, Donald, Donaldson, Donlevy, Donnelson, Dove, Dow, Drummond, Duff, Duffy, Duilach, Duncanson,
Dunnachie, Edie, Ennis, Esson, Ewing, Farquarson, Federith, Ferguson, Ferries, Fersen, Findlay, Findlayson, Finlayson, Fletcher,
Fordyce, Foulis, Frissell, Fullarton, Fullerton, Galbraith, Gallie, Gaunson, Georgeson, Gibson, Gilbertson, Gilchrist, Gilfillan, Gillespie,
Gillies, Gilroy, Glen, Gordon, Gow, Gowan, Grant, Gray, Gregorson, Gregory, Greusach, Grewar, Grierson, Griesk, Gruamach, Gruer,
Hallyard, Hardie, Harper, Harres, Harris, Haws, Hawson, Henderson, Hendrie, Howison, Hughson, Hutcheon, Hutcheson, Inches,
Innes, Isles, Jameson, Johnson, Kean, Keene, Kellie, Kelly, Kennedy, Kenneth, Kilpatrick, King, Kinnieson, Kirkpatrick, Lamb,
Lambie, Lamondson, Lamont, Lang, Lean, Leckie, Lees, Lennie, Leslie, Lewis, Linklater, Linsay, Livingstone, Lobban, Loudon, Love,
Luke, Lyon, MacAdam, MacAfee, MacAindra, MacAllan, MacAllister, MacAndrew, MacAngus, Macaree, MacArthur, MacAslan,
MacAulay, MacAuley, MacAusland, MacAy, MacBean, MacBeath, MacBeth, MacBrayne, MacBrieve, MacCaa, MacCainsh,
MacCaishe, MacCallum, MacCalman, MacCamie, MacCammond, MacCardney, MacCartair, MacCash, MacCause, MacCausland,
MacCay, MacChlery, MacChruiter, MacClerich, MacClure, MacClymont, MacColl, MacColman, MacComas, MacCombe,
MacConacher, MacConachie, MacConnach, MacConnell, MacConochie, MacCorckle, MacCorkill, MacCormick, MacCoul, MacCrae,
MacCrain, MacCrea, MacCrie, MacCritchie, Maccrouther, MacCuaig, MacCuffie, MacCulloch, MacCunn, MacCurrach, Macdade,
Macdaid, MacDavid, MacDearmid, MacDonachie, MacDonald, MacDonnell, Macdrain, MacDuloth, MacEachern, MacEarachar,
MacElfrish, MacEoin, MacEwan, MacFadden, MacFall, MacFarlane, MacFater, MacFeat, Macfie, MacGaw, MacGibbon, MacGilbert,
MacGilledow, MacGillegowie, MacGillivour, MacGillonie, Macgilp, MacGilvernock, MacGilvra, Macglashan, Macglasrich, MacGoun,
MacGowan, Macgreusich, Macgrewar, Macgrime, MacGrory, Macgruder, MacGruer, MacGuaran, Machaffie, MacHardie, MacHarold,
MacHay, MacHenry, MacHowell, MacHutcheon, MacIan, Macilduy, Macililvain, Macilrevie, Macilroy, Macilvrae, Macilvride,
Macilzegowie, Macinally, Macindear, Macinnes, Macinroy, Macintyre, MacIsaac, MacIvor, MacJames, MacKames, Mackay,
MacKean, Mackechie, Mackee, MacKeggie, MacKellaig, MacKelloch, MacKenzie, MacKerchar, MacKerlich, MacKersey,
MacKessock, Mackie, MacKiggan, MacKillop, MacKim, Mackindlay, Mackinlay, MacKinnel, Mackinney, Mackintosh, MacKirdy,
MacKissock, Maclae, Maclagan, Maclamond, MacLardie, Maclary, MacLaurin, MacLaws, Maclean, MacLeish, MacLeister,
Macleod, MacLergain, MacLewis, MacLiver, Maclock, MacLugash, MacLulich, MacMartin, MacMaster, MacMaurice, MacMenzies,
Macmillan, MacMinn, MacMorran, MacMunn, MacMurdo, MacMurdoch, MacMurrich, Macnab, MacNair, MacNaughton,
MacNee, MacNeilage, MacNeish, MacNeur, MacNichol, MacNider, MacNish, MacNiven, Macnuyer, MacOnie, MacOurlic,
MacPatrick, MacPetrie, MacPhadden, MacPhater, MacPhedran, MacPheidiran, Macpherson, MacPhorich, MacPhun, Macquarrie,
Macqueen, Macquire, Macrach, Macrae, MacRaith, MacRankin, MacRobb, MacRobert, MacRory, MacRury, MacShimes,
MacSorley, MacSwen, MacSwyde, MacTaggart, MacTavish, MacTear, MacTier, MacTire, MacUre, Macvail, MacVarish, MacVeagh,
MacVey, MacVinish, MacWalter, MacWattie, MacWhir, MacWhirter, MacWilliams, Malcomson, Malloch, Marnoch, Marr, Mason,
Masterton, Mathiesen, Mavor, McRob, McTary, Meiklham, Mein, Menteith, Menzies, Michie, Miller, Milne, Minnus, Mitchell,
Monteith, Moray, Morison, Morren, Munn, Munro, Murchison, Murdo, Murdoson, Murray, Neal, Neilson, Neish, Nichol, Nicol,
Nish, Niven, Norie, Norman, O’May, O’Shaig, Ogilvy, Oliphant, Paterson, Patrick, Peter, Polson, Purcell, Rattray, Redford, Reoch,
Revie, Risk, Ritchie, Robertson, Robison, Ronald, Ronaldson, Ross, Ruskin, Russell, Sandison, Shaw, Sime, Simpson, Sinclair, Sittal,
Small, Sorley, Spence, Spens, Sporran, Stalker, Stewart, Stuart, Sutherland, Swanson, Syme, Taggart, Tarrill, Tawse, Taylor, Thomas,
Thomason, Thomson, Todd, Tonnochy, Tosh, Tough, Towart, Train, Tweedie, Tyre, Vass, Wass, Watt, Weaver, Wemyss, Whannel,
Whyte, Wilson, Wright, Yule, Aiken, Aitken, Baikie, Baillie, Bainbridge, Baird, Bairnsfeather, Balios, Balnaves, Barbour, Barclay, Barrie, Beattie, Beilby,
Bell, Bellenden, Berwick, Blackie, Blackwood, Blaikie, Blair, Bogue, Boyce, Braid, Brechin, Brisbane, Brough, Brougham, Brown,
Brownlee, Brymner, Cairns, Calderwood, Candlish, Cardus, Cargill, Caven, Christison, Clyde, Cochran, Cochrane, Cockburn, Colomb,
Crockett, Cronin, Cruden, Cunningham, Cushny, Dalziel, Deems, Dempster, Dinwiddie, Doohan, Doone, Dunbar, Dundas, Dundee,
Dunn, Dunning, Eccles, Eckford, Edmonstone, Elder, Fairbairn, Falconer, Fenwick, Ferrier, Gairdner, Galloway, Galt, Geddes, Geikie,
Glass, Glendon, Graham, Gregory, Guthrie, Haig, Halkett, Herdman, Hogg, Imey, Inchbald, Inglis, Irvine, Ivory, Jebb, Kerr, Kircaldy,
Kirk, Kirkbride, Laird, Laughlin, Lawson, Legge, Lillie, Lipton, Lockhart, Lorimer, Lyall, Lyte, Masson, Melrose, Mill, Miller, Milligan,
Milner, Moffat, Mollison, Moncrief, Montrose, Motherwell, Muir, Muirhead, Murray, Nairn, Naysmith, Nesbit, Nisbet, Noël,
Orchardson, Pasley, Paterson, Pender, Preston, Primrose, Pringle, Quiller, Raeburn, Ransay, Redpath, Renfrew, Rennie, Renwick,
Sanderson, Semphill, Smiles, Smollett, Smybert, Spenlove, Sterling, Stirling, Strang, Strange, Strangeways, Tait, Tannahill, Tassie,
Thom, Tolmie, Urquhart, Wardlaw, Wedderburn, Whearty, Wilkie, Wiseheart, Wishart, Yarrow, Alasdar, Aodh, Aonghus, Brian, Cailin, Cainneach, Domhnall, Donnchadh, Dubhghall, Eoghan, Eoin, Fearchar, Fearghus,
Fionnlagh, Gille Andras, Gille Choluim, Gille Easbaig, Gille Mhuire, Griogair, iomhar, Lochloinn, Maghnus, Maol Choluim, Maol
Domhnaich, Maol Dúin, Muireadhach, Muirgheas, Niall, Padraig, Raghnall, Roibeard, Ruadhri, Somhairle, Toirdhealbhach, Uilliam,
Uisdean, Aaron, Abram, Adair, Adam, Adhamh, Adie, Adrian, Aengus, Aidan, Aidrian, Ailin, Aimon, Aindréas, Ainsley, Alan, Alastar,
Albert, Alex, Alexander, Alick, Alistair, Allen, Allister, Aloysius, Alphonsus, Alsandair, Alsander, Ambros, Andrew, Angus, Anntoin,
Anrai, Antain, Anthony, Antoine, Aodh, Aodhan, Aonghas, Ardal, Arlen, aron, Art, Artagan, Artair, Artegal, Arth, Arthur, Auliffe,
Austin, Baird, Bairre, Barclay, Barney, Barra, Barry, Bartholomew, Bartley, Basil, Bearach, Bearnar, Beartlaidh, Ben, Benjamin, Berach,
Bevan, Blaine, Blair, Bowie, Boyd, Brady, Bram, Bran, Brandon, Brannon, Brant, Brendan, Brett, Brian, Brody, Brogan, Bron, Bryan,
Bryn, Bryon, Cahal, Cahan, Cailan, Cairbre, Cairell, Cal, Caley, Callum, Cameron, Carlin, Carney, Carrick, Carroll, Casey, Cathal, Cecil,
Cedric, Chad, Christopher, Chulainn, Cian, Ciaran, Cillian, Coireall, Colin, Colm, Colman, Colum, Columba, Conall, Conan, Conn,
Connell, Connor, Conor, Conroy, Conway, Corey, Cormac, Cornelius, Cory, Craig, Culin, Culley, Curran, Cyril, Dale, Daley, Dallas,
Daniel, Dara, Daragh, Darby, Darcy, Darragh, Darren, David, Dean, Declan, Dermot, Derry, Desmond, Devin, Diarmaid, Diarmuid,
Digby, Dillon, Dominic, Don, Donagh, Donaghy, Donal, Donald, Donnchadh, Donnell, Donogh, Donovan, Dougal, Douglas, Duane,
Duff, Dwayne, Dylan, Eadoin, Eagon, Eamon, Eamonn, Earvin, Edan, Edward, Egan, Einri, Eion, Enda, Ennis, Eogan, Eoghan, Eoin,
Eric, Erin, Ervin, Ethan, Evan, Ewan, Ewen, Faelan, Fagan, Fallon, Faolan, Fearghal, Fearghus, Felan, Felix, Fergal, Fergus, Filib,
Finbar, Findlay, Finlay, Finn, Fionn, Fitzroy, Flannan, Flannery, Flynn, Forbes, Frank, Frederick, Gallagher, Galvin, Garrett, Gary, Gavin,
Gearalt, Geoffrey, Gerald, Gerard, Gilroy, Glen, Glyn, Godfrey, Gordon, Gorman, Gorry, Grady, Gregory, Gus, Guthrie, Guy, Hannraoi,
Harry, Henry, Hugh, Humphrey, Ian, Iarlaith, Innes, Innis, Ionhar, Ioseph, Irving, Ivor, Jack, Jake, James, Jamie, Jason, John, Jonathan,
Jordan, Joseph, Josh, Joshua, Kacey, Kaine, Kane, Karl, Kearney, Keir, Keiran, Keith, Kelvin, Kendrick, Kenneth, Kenny, Kermit,
Kerwin, Kevan, Kevin, Kian, Kieran, Killian, Kyle, Labhras, Laurence, Lee, Léon, Liam, Logan, Lorcan, Luke, Maghnus, Mal,
Malachy, Malvin, Manus, Mark, Martain, Martin, Matthew, Matthias, Michael, Micheal, Miles, Morgan, Murphy, Murray, Murtagh,
Nathan, Neal, Neil, Nevin, Niall, Nicholas, Nyle, Oisin, Oscar, Owain, Owen, Paddy, Padraic, Padraig, Parlan, Parthalan, Parthlan, Pat,
Patrick, Paul, Peadar, Peter, Philip, Pierce, Quinn, Raghnall, Randal, Raymond, Reagan, Reece, Regan, Reginald, Renny, Reynald,
Rhodan, Richard, Riocard, Riordan, Roarke, Robert, Robin, Roderick, Roibart, Roibin, Ronan, Ronat, Rory, Ross, Rowan, Ruaidhri,
Ruark, Ryan, Sam, Samuel, Scanlon, Scott, Séafra, Seaghan, Séamas, Seamus, Sean, Seanan, Séarlas, Senan, Shamus, Shane,
Shannon, Shaun, Shawn, Shea, Simon, Siomon, Sion, Sloan, Sloane, Steafan, Stephen, Steven, Strachan, Strahan, Tadhg, Teagan,
Teague, Thaddeus, Thady, Thomas, Tiernan, Tim, Timothy, Tiomoid, Tomaisin, Tomas, Tommy, Torrance, Trevor, Troy, Tulley,
Tynan, Tyrone, Uilliam, Uinseann, Uisdean, Vailintin, Vaughan, Vaughn, William, Adair, Ahearne, Aheron, Aird, Bain, Bannon, Barrett, Barry, Beahan, Beatty, Bell, Bergan, Bergin, Berry, Binchy, Bird,
Blaine, Blighe, Bohan, Boland, Bolger, Boran, Borin, Boughy, Boyce, Boylan, Bradley, Brady, Brahan, Brannigan, Brawney, Breen,
Brennan, Brian, Brin, Brodie, Brogan, Brosnahan, Broun, Brown, Bruin, Buckley, Burke, Byrne, Caddell, Cady, Caffrey, Cahill,
Calhoun, Callaghan, Callan, Campbell, Canning, Carew, Carlin, Carmody, Carney, Carron, Carson, Carton, Cary, Caskey, Cass, Cassidy,
Cavanagh, Cawley, Claffey, Clanchy, Clancy, Cleary, Cleland, Cloherty, Clohessy, Closky, Clune, Clyne, Cochrane, Coffey, Coglan,
Cogley, Colgan, Collins, Colvin, Conan, Condon, Conlin, Conn, Connelly, Conner, Connor, Connors, Conroy, Conway, Coonan,
Corcoran, Corey, Corkin, Corrigan, Corry, Costigan, Cotter, Coughlin, Coulter, Counihan, Cowgan, Coyle, Crawley, Creagh, Crean,
Creedan, Creegan, Crilley, Crimmins, Cronin, Crosbie, Crosby, Crowley, Crummer, Cuddy, Culhane, Culhoun, Cullinane, Cunningham,
Curley, Curnane, Currie, Curtayne, Curtis, Cusack, D’Arcy, Dacey, Daley, Darcy, Daunt, Davoran, Dawley, De Barra, Deghy,
Delahunty, Delane, Delany, Dennehy, Denny, Derrick, Desmond, Devany, Devery, Devin, Devine, Diarmid, Dignan, Dixon, Doble,
Doherty, Dolan, Donachie, Donaghy, Donnelly, Donoghue, Donohue, Doody, Doohan, Doolan, Dooley, Doon, Dorrian, Doud,
Doughan, Dougharty, Dowden, Dowdy, Dowey, Downes, Doyle, Drew, Duane, Duff, Duffey, Duggan, Duignan, Dwyer, Dyal, Egan,
Ellig, Fagan, Fahey, Fane, Farley, Farnan, Farrell, Faucett, Fay, Fealy, Fearon, Feeney, Fegan, Fennessy, Fenney, Ferrick, Ferris, Ferry,
Finneran, Finsley, Fitzgerald, Fitzgibbon, Fitzpatrick, Fitzsimmons, Flaherty, Flannagan, Flannigan, Flinn, Flood, Flynn, Foley, Folgan,
Forbes, Ford, Foy, Foynes, Frawley, Freethy, Furey, Fynan, Gaff, Gaffey, Galbraith, Gallagher, Gallivan, Galvin, Gannon, Gant,
Garraghty, Garrahan, Garrity, Garry, Garvey, Gaughan, Gavigan, Gaynor, Geary, Geelan, Geoghan, Geraghty, Gettins, Gibney, Gilfoyle,
Gill, Gillan, Gilligan, Gilmore, Gilroy, Glanchy, Gleason, Glennon, Glinn, Gogarty, Golden, Goodwin, Gorey, Gorham, Goslin, Grady,
Graham, Granahan, Grayden, Greeley, Greer, Gregan, Gregg, Gribbin, Griffin, Grimley, Grogan, Guiness, Guiney, Gunning, Guthrie,
Hadden, Hafner, Hagan, Hagerty, Haley, Haliday, Halley, Halligan, Halpin, Hamill, Hamran, Handley, Hanifin, Hanlin, Hanlon, Hanly,
Hannity, Hannon, Hanratty, Hare, Hart, Hartigan, Harvey, Haugh, Hay, Hayes, Healey, Heaney, Hearne, Hefferman, Heffernan,
Hegarty, Hellowell, Henchy, Heneghan, Henn, Hennley, Hensey, Heraghty, Herlihy, Herne, Hickey, Higgin, Higgins, Hoban, Hoey,
Hogg, Holland, Holohan, Horan, Horgan, Houlihan, Hourigan, Hoy, Hughes, Hurst, Hyland, Ivers, Ivors, Jennings, Jorden, Joyce,
Kane, Kavanagh, Kean, Keaney, Kearins, Kearney, Keary, Keaty, Keefe, Keegan, Keeley, Keenan, Kehoe, Keightley, Kellahan,
Kellegher, Kelleher, Kellett, Kelly, Kenn, Kenna, Kenneally, Kennedy, Kennelly, Kenney, Kennyon, Keogh, Kermody, Kernaghan,
Kerr, Kerrigan, Kerwin, Keveny, Kevigan, Keyes, Kiernan, Kilbridge, Kilcullen, Kilduff, Kilkelly, Kilkenny, Killin, Killpatrick,
Kilpatrick, Kilrea, Kindellan, King, Kinney, Kirley, Kirwan, Knowlan, Lacey, Lacy, Lafferty, Laffey, Lamb, Lanaghan, Lanahan, Lane,
Lannigan, Largan, Larkin, Laverty, Lawder, Leach, Leachan, Leavy, Lee, Lehane, Lennon, Linehan, Linnegan, Logan, Logue,
Longhan, Lord, Lorden, Louden, Loughrin, Lowry, Lundie, Lydon, Lynch, Lynsky, Lyons, MacAlevy, MacAllen, MacAndrews,
Macaninch, Macannally, MacAsey, MacAuliffe, MacAvee, MacAvoy, MacAwley, MacBride, MacBurney, MacCafferty, MacCaffery,
MacCall, MacCallin, MacCamore, MacCann, MacCarhon, MacCarrick, MacCarron, MacCartney, MacCarvill, MacCauley, MacCaw,
MacClancy, MacClay, MacCleary, MacClery, MacClintock, MacClory, MacCloskey, MacClughan, MacCluskey, MacColgan,
MacConaughey, MacConnal, MacConnell, MacCormack, MacCormick, MacCourt, MacCoy, MacCready, MacCromick, MacCrory,
MacCuill, MacCulloch, MacCune, MacCurtin, MacDaid, MacDevitt, MacDonald, MacDonnell, MacDowell, MacElderry,
MacElhinney, MacEllistrim, MacElroy, MacEnroe, MacEntee, MacEvilly, MacFadden, MacFarland, MacFrederick, MacGaghran,
MacGahey, MacGarrigle, MacGarry, MacGauley, MacGavisk, MacGee, MacGennis, MacGeogh, MacGill, MacGillmartin, MacGinley,
MacGinn, MacGinty, MacGivney, MacGlashan, MacGlynn, MacGoldrick, MacGorman, MacGough, MacGovern, MacGowan,
MacGrane, MacGrath, MacGraw, MacGreevy, MacGuigan, MacGuire, MacGuirk, MacGunn, MacIlroy, MacIltavish, MacIlveen,
MacIlvenna, MacInnis, MacIntire, MacIntyre, MacIvors, MacKane, MacKean, MacKechnie, Mackee, MacKelvey, Macken,
MacKeon, Mackeown, MacKinley, MacKinney, MacKinnon, MacLain, MacLarty, MacLean, MacLoughlin, MacMahon,
MacMathan, MacMullen, MacMurray, MacMurrough, MacNamara, MacNaughton, MacNeice, MacNeil, MacNerney, MacNevin,
MacNulty, MacParlan, MacPike, MacQuaid, MacQuilkin, MacQuillan, MacRaith, MacRanald, MacRickard, MacRory, MacSorley,
MacSweeney, MacTavish, MacTeig, MacUlhaney, MacVerry, MacWade, MacWilliams, Magauran, Magee, Magill, Maginn, Magnan,
Magoran, Magraith, Magraw, Mahaffy, Maher, Mahon, Mahony, Mainey, Mallaghan, Malloy, Malone, Maloy, Manley, Mannion,
Mannix, Marr, Marren, Martin, Massey, Mawhinney, Mayo, McCarthy, Meachar, Meade, Meara, Meath, Meehan, Meenan, Menagh,
Merriman, Miley, Milligan, Millikin, Minogue, Minto, Molohan, Molone, Molony, Monaghan, Monk, Moody, Mooney, Moore,
Moran, Morell, Moriarty, Morley, Morrissey, Morrow, Moyle, Moyles, Mulally, Mulcahy, Mulconry, Muldown, Mulhearn,
Mulholland, Mullally, Mullan, Mullarkey, Mullen, Mulligan, Mullin, Mulloy, Mulratty, Mulrooney, Mulryan, Mulvey, Murphy,
Murray, Murrin, Nagle, Nash, Neal, Neary, Neill, Nelligan, Nevin, Nolan, Noonan, Norris, Nowlan, Nugent, O’Bannen, O’Boyle,
O’Brien, O’Byrne, O’Carolan, O’Carroll, O’Clery, O’Connell, O’Connor, O’Conor, O’Conway, O’Corcoran, O’Coughlan, O’Dea,
O’Doherty, O’Donnell, O’Donoghue, O’Driscoll, O’Duffy, O’Dwyer, O’Faherty, O’Feely, O’Ferrall, O’Finan, O’Flanagan, O’Flynn,
O’Gara, O’Gorman, O’Grady, O’Halloran, O’Hanrahan, O’Hara, O’Hardy, O’Hayer, O’Healihy, O’Hearn, O’Hegarty, O’Hogan, O’Kane,
O’Keane, O’Kelly, O’Kerry, O’Laverty, O’Leary, O’Loughlin, O’Malley, O’Mara, O’More, O’Mulconry, O’Neal, O’Neill, O’Rafferty,
O’Reilly, O’Roark, O’Shaughnessy, O’Shea, O’Sullivan, Orman, Orr, Padden, Palmer, Pender, Pendergast, Phelan, Pierce, Plunkett,
Power, Quaid, Qualey, Quealey, Quillan, Quinlan, Quinlevan, Quinn, Rabbitt, Radden, Rait, Ranahan, Reagan, Reardon, Reavey,
Redmond, Regan, Reilly, Rice, Riley, Roark, Robey, Robinson, Roche, Ronayne, Rooke, Rooney, Rourke, Rowley, Ryan, Sandys, Scanlan, Scott, Semple, Sewell, Shade, Sharkey, Shaughnessy, Shea, Shee, Sheehy, Shelley, Sheridan, Shiels, Skelly, Slattery, Sloane,
Smith, Somers, Sommerville, Speirs, Spellman, Strahan, Stuart, Sullivan, Sweeney, Tallon, Tansey, Teague, Tegan, Tiernan, Tierney,
Tilley, Tobin, Tollis, Toohey, Toomey, Tormey, Tracy, Travers, Traynor, Troy, Tunney, Tweedy, Tynan, Vail, Wall, Walsh, Whelan,
White, Wooley, Yeats, Alan, Aled, Alexander, Alun, Alwyn, Alyn, Ambrose, Andras, Andreas, Aneirin, Aneurin, Arthur, Arwel, Arwyn, Asaph,
Awen, Benedict, Benet, Berwyn, Bevan, Blaen, Blair, Blaire, Blayre, Bleddig, Bleddyn, Bradwen, Brian, Brinley, Broderick, Bryn,
Brynach, Brynley, Brynmor, Brynn, Cade, Cadel, Cadogan, Cadwgan, Caerwyn, Cai, Caradoc, Caradog, Carr, Carwyn, Catesby, Cedig,
Cedric, Cedrych, Cemlyn, Ceredig, Ceri, Charles, Christopher, Cledwyn, Clyde, Clywd, Cole, Colwyn, Conwy, Cyngen, Cynstenian,
Daff, Dafi, Dafydd, Dai, Daniel, Darren, David, Dei, Deian, Deiniol, Deinol, Derwyn, Dewey, Dewi, Dillan, Dillon, Dilwyn, Donat, Drew,
Dru, Dryw, Dyfan, Dylan, Dynand, Edar, Eddow, Edern, Edmund, Edmwnd, Edryd, Efan, Eian, Eifion, Eignion, Eilir, Eilwyn, Elfed,
Elfodd, Elgan, Elian, Elis, Ellis, Elwin, Elwyn, Elystan, Emin, Emlyn, Emrys, Eoin, Ermel, Ernan, Errol, Eryl, Euan, Eurig, Euros, Evan,
Ewan, Ewen, Francis, Galvin, Garath, Gareth, Gary, Gavin, Gawain, Geoffrey, George, Geraint, Geriant, Gerlad, Gerwyn, Gethen, Gethin,
Gilbert, Glendower, Glydwr, Glyn, Glynn, Gowan, Graham, Gregory, Griff, Griffid, Griffin, Griffith, Griffri, Griffry, Gruffudd, Gruffydd,
Gryffid, Gryffri, Gryffry, Gryffyd, Guilam, Gwennarth, Gwilim, Gwilym, Gwin, Gwion, Gwydion, Gwylfai, Gwyn, Gwynfor, Gwynne,
Hadyn, Hamon, Harri, Hefin, Hew, Heylin, Hilary, Howel, Howell, Hugh, Humphrey, Huw, Hywel, Iaco, Iago, Ian, Ianto, Idris, Idriys,
Idwal, Iefan, Iestin, Iestyn, Ieuan, Ieuan Ifan, Ievan, Ifan, Ifor, Inir, Ioan, Iolo, Iorewen, Iorweth, Iowan, Isan, Ithel, Iwan, Jacob, James,
Jenkin, John, Justin, Kai, Kane, Kay, Kedivor, Keith, Kened, Keneth, Kenneric, Llew, Llewelyn, Lloyd, Llud, Llyr, Llywel Llywelyn,
Lowarch, Lyn, Lythan, Mabon, Maddox, Madin, Madoc, Maldwyn, Mark, Marvin, Math, Matho, Mathonwy, Matthew, Maugan,
Maurice, Melfyn, Merddin, Meredith, Merfin, Meriaun, Merion, Mervin, Mervyn, Meurig, Meurik, Michael, Morfydd, Morgan,
Morgant, Morven, Morvin, Morvran, Mostyn, Nai, Neddig, Nefydd, Neilyn, Neirin, Nye, Owain, Owein, Owen, Padarn, Patrick, Paul,
Pedr, Penrod, Penwyn, Peredur, Peter, Pryderi, Prydwen, Pwyll, Pyr, Rees, Reese, Reis, Rhett, Rhisiart, Rhobert, Rhod, Rhodri, Rhys,
Rhywallan, Richard, Robert, Roland, Rwrith, Ryryd, Samuel, Searl, Seiriol, Selwyn, Seren, Siam, Siarl, Siôn, Sionym, Siors, Steffan,
Stephan, Stephen, Steven, Sulien, Sulwyn, Tad, Taff, Taffy, Talfryn, Taliesin, Tecwyn, Tewdric, Theodore, Thomas, Tom, Tomos,
Trahearn, Trefor, Trevor, Tristan, Trystan, Tudor, Tudur, Tudyr, Twm, Uren, Urien, Valentine, Vaughan, Vaughn, Walter, Watkin,
Wilim, William, Win, Wmffre, Wyn, Wyndod, Yago, Yestin, Yevan, Abadam, Abernethy, Abethell, Abraham, Adams, Adda, Alban, Allen, Andrews, Annwyl, Anthony, Anwell, Anwill, Anwyl,
Arnold, Arthur, Ash, Ashe, Ashton, Astley, Aston, Atha, Aubrey, Austin, Awbrey, Babb, Babbs, Bach, Badham, Balch, Barry, Batch,
Bateman, Batha, Bathoe, Baugh, Baughan, Bawn, Bayliss, Baynham, Beach, Beavan, Bebb, Beddoe, Beddoes, Bedow, Bedward,
Bedwards, Beedle, Beethel, Beinon, Bellis, Benbough, Benbow, Bengough, Bengrisse, Bengry, Benjamin, Bennet, Bennett, Bennion,
Bethall, Bethell, Bevan, Bevans, Beynam, Beynon, Bibb, Bidder, Binnell, Binner, Bithell, Blaeney, Blaeny, Blayney, Blood, Bloyd,
Blud, Bolt, Bolter, Bolver, Bolvier, Bond, Bonsall, Boulter, Bound, Bowdler, Bowen, Bown, Brace, Breese, Breeze, Brickstock,
Bridgestock, Broderick, Bron, Brook, Brooks, Brown, Brun, Bryn, Bryse, Bryste, Bunnell, Bunner, Button, Bydder, Byddir, Bynyr,
Bythell, Byther, Caddick, Caddock, Cadwalader, Cadwalidwr, Caentwn, Caffyn, Cardiff, Cardigan, Carduggan, Carew, Caunton,
Charles, Clayton, Cleaton, Clement, Cletton, Coade, Cole, Connick, Conway, Conwy, Coslett, Cosslett, Craddock, Creese, Crichett,
Cronne, Crowther, Crunn, Cule, Cull, Dackins, Dai, Daniel, Daniels, Daukyn, Davenold, David, Davies, Davis, Dawes, Dawkins,
Dawson, Daykin, Daykyn, Deakyn, Dee, Devenallt, Devonald, Dew, Dodd, Duggan, Dykins, Eddow, Edmunds, Edwards, Elias, Elis,
Ellice, Ellis, Emanuel, Emont, Ethell, Evan, Evans, Eynion, Felix, Fennah, Fenner, Flood, Foulkes, Gadarn, Gainor, George, Gethin,
Gething, Gibb, Gibbon, Gibbs, Gibby, Giles, Gittings, Gittins, Gittoes, Goch, Goff, Gogh, Goodge, Goodin, Goodwin, Goodwyn,
Goudge, Gough, Gravenor, Greenaway, Greenhow, Gregory, Griffies, Griffin, Griffis, Griffith, Griffiths, Gronow, Gruffydd, Grunna,
Grunnah, Guilt, Guy, Gwatkin, Gwenlan, Gwilliam, Gwilt, Gwinnett, Gwyn, Gwynett, Gwynn, Gwynne, Gwyther, Haggar, Haines, Hamer,
Harries, Harris, Harry, Hatfeld, Hatfield, Havard, Hendry, Henry, Henrys, Herbert, Herward, Heyns, Hier, Hillin, Hodgkin, Hoel, Hoell,
Hoells, Hoesgyn, Hole, Holl, Hopkin, Hopkins, Hoskin, Hoskins, Hoskyn, How, Howard, Howel, Howell, Howells, Howes, Hughes,
Humphrey, Humphreys, Husband, Huws, Hyer, Hywel, Iefan, Ifan, Isans, Ithel, Jacob, Jacobs, James, Jankin, Jarman, Jarrett, Jarvis,
Jefferson, Jeffreys, Jenkins, Jervis, Jevon, Jevons, Job, John, Johns, Jones, Joseph, Kedwards, Keffin, Kendrick, Kent, Kenvin,
Kethin, Kiffin, Kinsey, Lacharn, Lagharn, Lawrence, Lewis, Leyshon, Llewellen, Llewellin, Llewellyn, Llowarch, Lloyd, Lloyds,
Lodwick, Lougher, Loyd, Loyn, Lucas, Mabe, Maddock, Maddox, Maddy, Madock, Madox, Mady, Mansel, Manuel, Martin, Mason,
Mathews, Mathias, Matthew, Matthews, Maurice, Mayberry, Maybery, Mayn, Means, Mellens, Melling, Meredith, Merrick,
Methuen, Meyler, Meyrick, Michael, Miles, Mill, Mills, Milo, Morgan, Morris, Morse, Morys, Mostyn, Moyle, Nanney, Narbett,
Nash, Nevet, Newell, Nichol, Nicholas, Nicholls, Noke, Nuttall, Oakley, Obray, Onions, Owain, Owen, Owens, Paish, Parker, Parry,
Paskin, Paul, Pearce, Pearse, Pearson, Peat, Peate, Pendry, Pennant, Peregrine, Perkin, Perkins, Perkyn, Peters, Phelps, Phillips,
Philpin, Picton, Pierce, Popkin, Popkins, Powell, Powelson, Powys, Preddy, Predith, Preece, Price, Prichard, Prickett, Pritchard,
Pritchett, Probart, Probert, Probyn, Propert, Prosser, Protheroe, Prydderch, Prys, Pryse, Prytherch, Pugh, Pullin, Pumphrey, Pyrs,
Quilt, Radclyffe, Raglan, Reece, Rees, Reynold, Reynolds, Rhiann, Rhydderch, Rhys, Rice, Richards, Rickard, Rickett, Roberts,
Robin, Roderick, Rogers, Rosier, Rosser, Rothero, Rowland, Rowlands, Ruddock, Ruther, Rynallt, Rynalt, Saer, Sais, Salbri, Salebiri,
Salmon, Salusbury, Sambrook, Sambroth, Samrook, Samuel, Samwell, Sandbrook, Sayce, Sayers, Says, Sayvage, Seys, Sheen,
Sheldon, Simons, Smith, Smooth, Stephens, Stevens, Stradling, Swancott, Tanat, Tannatt, Tarvin, Taylor, Teague, Tegan, Tegg,
Tegue, Tew, Thomas, Tibbett, Tibbetts, Tibbitt, Tibbot, Timothy, Tither, Treffgarne, Treharne, Trevor, Trewent, Tucker, Tudor, Tugh,
Turner, Upjohn, Uprichard, Vain, Vallant, Vane, Vaughan, Wace, Walters, Wardlow, Warlow, Warren, Waters, Watkins, Watkiss, Watt,
Watts, Weaver, Welch, Welling, Wellins, Welsh, Whittal, Wild, Wilding, Williams, Willis, Wilson, Withers, Wogan, Woosencroft,
Worthing, Wyn, Wynn, Wynne, Young, Adaf, Adam, Bleddyn, Cadwgan, Cydifor, Cyfnerth, Cynddelw, Cynwrig, David, Deheuwynt, Ednowain, Ednyfed, Einion,
Griffri, Gronw, Gruffydd, Gwasdewi, Gwilim, Gwion, Gwogan, Gwrgenau, Gwyn, Heilyn, Hwfa, Hywel, Iago, Idnerth, Ieuaf, Ieuan, Ifor,
Iocyn, Iorwerth, Ithel, John, Llygad, Llywarch, Llywelyn, Madog, Madyn, Maredudd, Meilyr, Meurig, Morfran, Moriddig, Philip,
Rhiryd, Rhys, Robert, Seisyll, Tegwared, Thomas, Trahaearn, Tuder, William, Ynyr, Aedd, Aelhaearn, Aeron, Afan, Afon, Amhar, Amlawdd, Amren, Anarand, Anarawd, Aneirin, Angwyn, Anian, Anwas, Anwyl,
Arllechwedd, Arthawd, Arthien, Arthwr, Arvel, Auryn, Auwyn, Avaon, Barri, Bedrawd, Bedwin, Bedwor, Bedwyr, Berwyn, Blaen,
Blathaon, Bleddyn, Bledri, Bradwen, Bran, Brathach, Brychan, Bryn, Brynmor, Brys, Cadarn, Cadawg, Cadel, Cadellin, Cadfael,
Cadfan, Cadlew, Cadoc, Cadreith, Cadwaladr, Cadwallon, Cadwgawn, Cadwr, Cadwyr, Cai, Caradoc, Caradog, Carannog, Carantoc,
Carnedyr, Caw, Cedifor, Celyn, Cenwyn, Ceredig, Ceri, Cerwyn, Cian, Cledwyn, Clydog, Clywd, Coed, Coel, Collen, Corryn, Culhwch,
Culvanawd, Custennin, Cynan, Cynbel, Cyndeyrn, Cynfan, Cynfarch, Cynfor, Cyngar, Cynhaern, Cynog, Cynrain, Cynwal, Dallwyr,
Derwyn, Digon, Dilwyn, Doged, Dremidydd, Drwst, Drych, Drydvas, Dryw, Duach, Dyfan, Dyfrig, Dylan, Dynand, Dywel,
Edenewen, Edern, Ederyn, Eidiol, Eidyn, Einion, Eivyonydd, Elfed, Elfodd, Elphin, Elwyn, Elystan, Emhyr, Emyr, Ergyryad, Ermid,
Eurosswydd, Evnissyen, Evrei, Ffernfael, Fflam, Fflergant, Fflewdwr, Ffodor, Gadwy, Ganfael, Garanhir, Garanwyn, Garym, Geraint,
Gerwyn, Gethin, Gildas, Glewlwyd, Glyndwer, Glywys, Gogyvwlch, Goreu, Govan, Granwen, Gronw, Gruffin, Gruffudd, Gruffydd,
Guital, Gurhyr, Gwalchmei, Gwawl, Gwern, Gwilim, Gwion, Gwitart, Gwyar, Gwyddno, Gwydion, Gwyglet, Gwynfardd, Gwynn, Gwyr,
Gwythyr, Heilyn, Hwfa, Hyfaidd, Hywel, Iddawg, Idenerth, Idnerth, Idris, Idwal, Illtyd, Iona, Iorwerth, Iowerth, Ithel, Kelyn, Kilwich,
Kilydd, Kynon, Kynwyl, Laodegan, Lleu, Lleufer, Lloyd, Lludd, Llwydeu, Llygad, Llyr, Llywarch, Llywelyn, Mabon, Mabsant,
Madern, Madoc, Maelgwn, Maelon, Maelwys, Mahel, March, Math, Mawr, Medyr, Meilyr, Meneu, Meredydd, Merfyn, Meriawn,
Mewan, Morcan, Myrddin, Naw, Nennoc, Nerth, Nerthach, Nissyen, Nudd, Odyar, Odyaw, Olwydd, Onllwyn, Owein, Padarn,
Peissawg, Pendaran, Peredur, Pryderi, Pwyll, Ren, Rhain, Rheged, Rhinfrew, Rhodri, Rhun, Rhyawdd, Rhydderch, Rhys, Riogoned,
Sedwei, Seithennin, Sel, Selyf, Senyllt, Sugyn, Sulgen, Sulien, Syvwlch, Talfryn, Taliesin, Tarrant, Tegvan, Tegwared, Teilo, Teregud,
Teryrnon, Trahaearn, Treman, Trevelyan, Tringad, Trystan, Tudur, Tudwal, Tungyr, Twrgadarn, Tywysog, Uchdryd, Urien, Uther,
Varwawc, Vychan, Wadu, Wynn, Ysgawyn, Ystrwyth